,Stock_Name,Current_Price (₹),Market Cap,Return_On_Equity (ROE) %,Price_to_Earnings_ratio (P/E),Industry P/E,Earnings_per_share (EPS),Price_to_Book_ratio (P/B),Dividend Yield %,Debt_to_Equity,Revenue_Growth %,Profit_Growth %,Net_Profit_Margin %,EBITDA Margin %
0,HDFC Bank,982.50,"₹14,96,040Cr",13.53%,21.20,13.70,45.94,2.87,1.13%,NA,18.517102543577735,12.241112828438949,23.44%,21.463709677419356
1,State Bank of India,864.70,"₹8,06,802Cr",15.33%,10.16,13.70,86.06,1.56,1.76%,NA,10.313967136150234,12.474317581449956,16.24%,19.051735603138713
2,LIC,912.35,"₹5,73,741Cr",37.98%,11.77,14.91,77.05,4.51,1.32%,0.00,5.923512520805142,5.028199980881369,9.22%,0.0
3,ITC,399.80,"₹5,02,087Cr",28.17%,14.39,27.59,27.86,7.17,3.58%,0.00,18.745899846927617,-0.1016880211511084,23.49%,30.19198011141292
4,NTPC,338.00,"₹3,28,717Cr",12.72%,13.72,23.28,24.71,1.79,2.46%,1.36,-3.817725789625552,5.8523608955885615,11.22%,16.557819675535963
5,Eternal (Zomato),337.85,"₹3,23,335Cr",1.74%,1080.81,182.51,0.31,10.65,0.00%,0.07,21.10012892135797,28.085106382978726,24.95%,24.378992193044713
6,Oil & Natural Gas Corporation,245.32,"₹3,09,412Cr",10.55%,8.59,8.85,28.63,0.90,4.98%,0.55,-10.715341810263716,-10.226001342582233,25.07%,35.72396350826484
7,Bharat Electronics,410.30,"₹3,02,004Cr",26.64%,54.94,52.85,7.52,15.12,0.58%,0.00,4.090909090909091,24.865359342386682,21.94%,28.187772925764193
8,Adani Power,151.48,"₹2,93,127Cr",22.96%,23.60,23.28,6.44,5.81,0.00%,0.70,8.766071130405743,27.046843177189412,25.03%,37.227509978507825
9,Power Grid Corp,289.00,"₹2,66,741Cr",16.75%,17.29,23.28,16.59,2.88,3.14%,1.41,3.7511520737327193,7.063305978898008,36.80%,57.537532202185304
10,Tata Motors,698.05,"₹2,62,362Cr",20.39%,12.41,28.17,57.42,2.36,0.84%,0.62,10.55646915283009,144.29223744292236,34.47%,32.00422244613982
11,Wipro,243.53,"₹2,53,760Cr",15.95%,18.85,24.66,12.84,3.28,2.48%,0.23,10.050912419197987,53.67983367983368,21.49%,24.76348892816301
12,Coal India,384.70,"₹2,35,447Cr",35.68%,7.10,10.60,53.78,2.38,6.94%,0.09,-8.525072346885526,32.59775897553168,465.93%,46.12592054766103
13,Indian Oil Corporation,154.37,"₹2,18,667Cr",6.50%,12.95,19.64,11.96,1.17,1.89%,0.82,1.2460570008728866,115.24782444192205,2.60%,4.27787483863316
14,Tata Steel,171.43,"₹2,12,162Cr",4.11%,46.69,34.57,3.64,2.37,2.12%,1.04,-5.289211568462739,5.764034824377064,12.07%,18.46431625962178
15,Hindustan Zinc,489.90,"₹2,07,674Cr",77.69%,20.28,13.94,24.24,15.58,5.90%,0.82,-4.781729511121684,-6.530958439355386,29.22%,39.81261711430356
16,JIO Financial Services,309.90,"₹1,94,538Cr",1.31%,119.61,20.31,2.56,1.58,0.16%,0.03,0.29128388976026204,-0.4180602006689122,53.22%,71.6041108132261
17,Vedanta,471.85,"₹1,84,199Cr",36.37%,12.65,10.60,37.25,4.47,9.23%,1.82,8.791536283713306,37.269901984221846,21.27%,34.04099894991553
18,DLF,737.15,"₹1,82,010Cr",10.76%,40.58,40.56,18.12,4.28,0.82%,0.10,1.1792804896253195,962.269129287599,8.61%,18.44857545654241
19,Hindalco Industries,767.80,"₹1,74,475Cr",12.93%,10.31,13.94,75.34,1.41,0.64%,0.52,10.161362617660243,26.580557443915705,7.67%,11.836269683036987
20,HDFC Life Insurance Company,755.60,"₹1,64,520Cr",11.03%,87.51,14.91,8.72,9.65,0.27%,0.17,9.486723038124907,14.405945776195972,3.78%,0.0
21,Indian Railway Finance Corp,127.08,"₹1,63,618Cr",12.26%,24.55,25.96,5.10,3.01,1.28%,7.44,2.246526751404079,10.716550412175016,25.30%,99.30615784908933
22,Bharat Petroleum Corporation,341.90,"₹1,49,028Cr",16.39%,8.60,19.64,39.95,1.83,2.87%,0.75,1.335831862466857,103.11774461028192,4.73%,6.54507508037475
23,Varun Beverages,440.00,"₹1,48,434Cr",15.51%,52.13,51.73,8.42,8.08,0.23%,0.12,-8.07633327653774,0.8695652173913043,21.87%,28.748841519925854
24,Ambuja Cements,569.95,"₹1,41,858Cr",7.80%,32.87,44.37,17.46,2.65,0.35%,0.01,20.02815202091293,50.776361937996796,15.51%,18.36153459540962
25,Bank of Baroda,261.85,"₹1,37,817Cr",12.66%,7.08,13.70,37.63,0.90,3.14%,NA,11.365051687632333,1.8618214445939882,14.61%,17.530615668511995
26,Power Finance Corporation,408.80,"₹1,33,918Cr",19.53%,5.51,20.31,73.68,1.14,3.89%,8.25,15.617656931856327,21.08660570199032,32.68%,100.04355084561224
27,Punjab National Bank,114.17,"₹1,31,652Cr",12.81%,7.92,13.70,14.46,1.01,2.53%,NA,15.749549213455202,-48.493234932349324,5.24%,18.15105285775677
28,Tata Power Company,392.50,"₹1,26,392Cr",11.08%,31.12,23.28,12.71,3.53,0.57%,1.75,-11.20966508640465,-29.435308802778675,9.84%,20.082673096796416
29,Shriram Finance,666.80,"₹1,26,291Cr",14.71%,13.03,20.31,51.52,2.24,1.47%,4.15,20.266750026049806,8.8339222614841,18.69%,71.97192860856005
30,CG Power & Inds,748.00,"₹1,17,409Cr",25.35%,117.05,60.15,6.37,17.16,0.17%,0.01,25.093457943925234,23.374833067677592,10.83%,14.365707881957416
31,GAIL (India),179.90,"₹1,16,116Cr",12.42%,9.98,16.80,17.70,1.37,4.25%,0.25,2.9973871943164134,-30.76358296622614,5.42%,7.818378748147303
32,Canara Bank,128.06,"₹1,14,925Cr",18.69%,6.90,13.70,18.37,1.16,3.16%,NA,11.884185773074663,21.69014084507042,15.33%,16.29403883036019
33,Samvardhana Motherson,104.12,"₹1,12,141Cr",10.90%,33.73,39.18,3.15,3.22,0.53%,0.49,17.24550898203593,111.51533194403098,13.35%,14.791283622744297
34,Adani Energy Solutions,919.00,"₹1,11,293Cr",10.74%,46.44,23.28,19.95,5.04,0.00%,1.83,259.77501939487973,104.11012526096034,18.95%,27.82839173405211
35,Swiggy,420.75,"₹1,05,120Cr",-30.50%,-28.39,182.51,-14.85,10.27,0.00%,0.17,33.96584440227704,99.3963782696177,-36.80%,-34.95042492917847
36,Union Bank of India,138.54,"₹1,04,275Cr",17.38%,5.54,13.70,24.65,0.96,3.48%,NA,2.937746971561832,11.878227779287851,15.08%,16.500424782102513
37,The Indian Hotels Company,733.25,"₹1,02,971Cr",15.01%,52.65,57.58,13.74,9.23,0.31%,0.28,13.099587325436598,17.1360153256705,23.41%,31.898999090081894
38,Indian Bank,757.70,"₹1,02,073Cr",17.85%,9.31,13.70,81.42,1.59,2.14%,NA,10.480967837120096,23.72034956304619,18.26%,21.78836600608942
39,Zydus Lifesciences,987.90,"₹1,00,050Cr",18.89%,21.88,34.33,45.44,4.18,1.11%,0.13,-35.669088352472464,-77.38389182833627,15.41%,22.313296903460838
40,IDBI Bank,92.29,"₹99,858Cr",15.49%,12.62,13.70,7.36,1.95,2.26%,NA,13.211082853700978,16.75392670157068,28.59%,29.95980137148262
41,REC Limited,377.75,"₹99,549Cr",20.27%,5.89,20.31,64.14,1.28,4.76%,6.33,13.016798343177111,29.314352120859965,30.39%,98.96837247183386
42,HPCL,454.25,"₹97,007Cr",13.17%,9.50,19.64,48.00,1.90,2.30%,1.38,-0.6349389355096393,1128.4991568296794,3.66%,5.449286412836281
43,Indus Towers,357.90,"₹95,172Cr",30.56%,9.77,12.06,36.15,2.92,0.00%,0.65,9.463637585697002,-9.968847352024921,21.53%,33.48888615989193
44,JSW Energy,548.05,"₹94,554Cr",7.13%,43.52,23.28,12.43,3.46,0.37%,1.83,-9.597257926306769,-36.19017582590869,17.68%,36.612322274881514
45,GMR Airports,88.39,"₹93,658Cr",-0.55%,-422.38,39.88,-0.21,1.76,0.00%,0.16,142.40090823831383,22.20238912536043,-37.24%,24.246558605522523
46,Bajaj Housing Finance,111.10,"₹93,114Cr",10.84%,41.08,25.96,2.72,4.67,0.00%,4.11,18.515165233137164,20.863637305484747,22.38%,90.25974025974025
47,Marico,714.95,"₹92,880Cr",40.98%,55.65,51.73,12.86,23.37,1.46%,0.14,44.695378151260506,149.83922829581994,34.06%,32.41379310344827
48,Vodafone Idea,9.18,"₹91,767Cr",38.94%,-3.33,39.53,-2.54,0.00,0.00%,-3.32,3.5309543879366863,2.5034770514603615,-61.57%,-6.8463904468970505
49,Dabur India,492.25,"₹87,514Cr",16.37%,49.14,51.73,10.04,8.10,1.62%,0.09,-1.486280487804878,0.498285601519534,16.50%,20.810444874274665
50,NHPC,86.46,"₹86,990Cr",7.58%,28.49,23.28,3.04,2.19,2.21%,1.00,16.294964028776977,5.304518664047151,36.00%,45.99443241571296
51,ICICI Prudential,603.50,"₹86,900Cr",10.06%,68.88,14.91,8.72,6.95,0.14%,0.21,-0.22243034418169047,34.01952085181898,3.55%,0.0
52,SBI Cards And Payment Services,905.15,"₹85,834Cr",13.91%,45.72,25.96,19.73,6.23,0.28%,3.26,12.313183136292661,-6.474892758011608,11.40%,31.002979145978156
53,Bharat Heavy Electricals,244.86,"₹85,485Cr",2.16%,295.78,60.15,0.83,3.46,0.20%,0.36,1.3762287756925828,114.04573687182382,-8.29%,-7.514456981664316
54,NTPC Green Energy,98.53,"₹82,721Cr",2.58%,148.74,23.28,0.66,4.49,0.00%,1.05,11.992341919129244,26.257068622955813,29.49%,61.110231733569705
55,Ashok Leyland,139.83,"₹80,995Cr",25.40%,25.26,28.17,5.46,6.62,2.27%,4.08,1.8095348567451572,12.966627345028344,6.84%,9.565796969351716
56,Aditya Birla Capital,303.50,"₹79,473Cr",10.97%,23.31,20.31,13.05,2.61,0.00%,4.61,6525.1434191116205,1691.8324051975603,16.85%,76.19990103908955
57,Indian Overseas Bank,39.60,"₹76,198Cr",13.60%,19.40,13.70,2.04,2.64,0.00%,NA,17.151162790697676,75.56612569333609,15.04%,17.076471915181592
58,Suzlon Energy,54.01,"₹73,594Cr",33.93%,35.14,60.15,1.54,12.08,0.00%,0.05,48.60537190082644,15.690780708766324,12.17%,19.976711852624263
59,Nykaa,262.40,"₹73,120Cr",5.08%,912.68,182.51,0.28,56.19,0.00%,1.01,-14.139849306386864,-69.40563580393085,15.79%,16.230624128598375
60,Rail Vikas Nigam,354.85,"₹72,256Cr",13.39%,60.59,24.73,5.72,7.55,0.50%,0.57,-4.600092464170134,-41.29935720844812,3.26%,6.57523624909135
61,Vishal Mega Mart,149.64,"₹70,300Cr",7.63%,135.59,99.22,1.11,11.21,0.00%,0.02,0.657501494321578,35.17795637198623,10.58%,14.188836104513063
62,Adani Total Gas,636.10,"₹69,662Cr",15.56%,107.54,16.80,5.89,16.56,0.04%,0.44,20.09607686148919,-8.425094584674468,10.87%,16.448666666666668
63,Yes Bank,22.22,"₹68,799Cr",5.73%,25.21,13.70,0.87,1.44,0.00%,NA,4.821708903341556,59.4391258483769,10.55%,11.489088575096277
64,Oil India,422.45,"₹68,252Cr",13.16%,10.40,8.85,40.34,1.37,2.74%,0.62,-13.53107815364106,-44.5480572597137,16.23%,24.10869146270958
65,NMDC,76.09,"₹66,844Cr",22.03%,10.22,10.60,7.44,2.25,4.34%,0.14,20.72448624172762,-0.7560483870967742,29.67%,38.53144835545297
66,General Insurance,382.75,"₹66,799Cr",12.08%,7.80,14.91,48.80,1.37,2.63%,0.00,12.711533962411291,69.1119691119691,15.80%,0.0
67,L&T Finance,259.28,"₹64,984Cr",10.34%,24.43,20.31,10.64,2.54,1.06%,3.61,12.52973830293418,2.234431155364413,16.31%,60.34766267324407
68,Patanjali Foods,597.25,"₹64,960Cr",11.44%,53.32,51.73,11.20,5.71,0.56%,0.07,23.757289641766178,-31.384556865728413,2.03%,3.0556490519465953
69,JSW Infrastructure,307.55,"₹64,859Cr",15.50%,40.64,28.48,7.60,6.68,0.26%,0.52,-16.12132877102937,-25.056502979247995,52.08%,64.50091361067437
70,Jindal Stainless,758.00,"₹62,742Cr",15.01%,24.40,34.57,31.19,3.76,0.39%,0.38,8.284085018144117,10.948955595518042,6.21%,9.21543469934891
71,Berger Paints India,536.10,"₹62,031Cr",19.18%,54.35,53.19,9.79,10.08,0.71%,0.11,2.373361671980163,-3.849175176747837,11.22%,14.088235294117645
72,HDB Financial Services,741.40,"₹61,915Cr",13.75%,28.45,20.31,26.23,3.38,0.39%,5.52,14.958805355303811,-2.4067388688327314,12.71%,55.3639417693169
73,Fert & Chem Travan,895.25,"₹58,178Cr",1.63%,615.82,30.38,1.46,42.44,0.04%,1.32,68.21826896488155,-108.79391822477913,0.41%,6.284931506849315
74,IndusInd Bank,749.00,"₹57,597Cr",1.57%,57.09,13.70,12.95,0.89,0.00%,NA,-3.789698425406992,-68.20399628252788,5.58%,6.341054091539529
75,UPL,679.85,"₹57,446Cr",3.97%,48.14,34.13,14.15,1.97,0.83%,0.86,117.61786600496278,100.0,7.35%,8.779931584948688
76,Bank Of India,126.24,"₹57,318Cr",13.59%,6.04,13.70,20.84,0.79,3.22%,NA,12.489035087719298,32.237228420434526,12.27%,14.19729018422848
77,AU Small Finance Bank,764.00,"₹56,947Cr",12.82%,26.08,14.52,29.27,3.34,0.13%,NA,21.294997662459092,15.577929442664706,13.27%,15.010792060127192
78,IRCTC,716.90,"₹56,808Cr",35.89%,42.47,43.28,16.72,15.51,1.13%,0.02,4.362703165098375,7.400546021840867,28.49%,36.57868852459016
79,MO Financial,937.40,"₹56,097Cr",22.58%,20.16,19.98,46.33,5.06,0.53%,1.33,0.2612671456564337,2.6108754338603863,35.38%,52.84755700325733
80,Nippon Life India AMC,875.05,"₹55,573Cr",30.53%,41.16,20.31,21.21,13.18,2.06%,0.02,19.46375202800786,21.680773117736244,68.37%,73.20305352241539
81,Steel Authority of India,132.88,"₹54,750Cr",4.03%,18.03,34.57,7.35,0.93,1.21%,0.63,7.785767418794942,6318.352059925095,2.64%,5.689747718733226
82,IDFC First Bank,71.99,"₹52,178Cr",3.37%,40.17,13.70,1.77,1.35,0.35%,NA,14.03727901614143,-32.03996180121942,4.80%,4.888785912882298
83,Kalyan Jewellers India,487.70,"₹50,110Cr",14.88%,62.54,62.01,7.76,10.43,0.31%,1.03,31.451612903225808,55.35768368768551,4.18%,6.72650952534711
84,Federal Bank,199.17,"₹47,602Cr",11.72%,11.75,13.70,16.47,1.38,0.62%,NA,7.645597571073696,-14.678217821782177,12.89%,14.820512820512821
85,Laurus Labs,863.40,"₹46,608Cr",8.01%,91.56,34.33,9.43,10.42,0.14%,0.62,29.129662522202487,448.7838776928422,11.02%,17.560522696011006
86,Biocon,347.80,"₹46,426Cr",4.68%,120.57,34.33,2.88,1.78,0.13%,0.85,8.307692307692303,-1022.2222222222223,-1.55%,8.121657754010696
87,HUDCO,231.43,"₹46,214Cr",15.08%,16.62,20.31,13.89,2.57,1.80%,5.97,34.04642694583523,12.995069475571498,21.46%,96.23089983022072
88,ITC Hotels,218.91,"₹44,872Cr",5.93%,65.89,57.58,3.27,4.20,0.00%,0.01,19.840115166087255,47.32854472104693,20.31%,26.013392628942395
89,Bank of Maharashtra,57.21,"₹43,965Cr",21.45%,7.64,13.70,7.48,1.64,2.62%,NA,16.398286305214953,23.201856148491878,22.58%,21.614418073359566
90,Indian Ren. Energy,152.44,"₹42,462Cr",16.55%,27.19,20.31,5.56,3.46,0.00%,6.31,29.71542025148908,-35.71019025280167,12.76%,77.70408163265307
91,Hexaware Technologies Limited,693.15,"₹42,457Cr",22.89%,31.95,24.66,21.82,7.31,1.25%,0.10,25.157232704402517,74.42849548112707,18.05%,19.77889447236181
92,Petronet LNG,287.55,"₹42,053Cr",19.99%,11.34,16.80,24.73,2.12,3.57%,0.13,-11.083400572141128,-25.518388791593694,7.16%,9.858109222900511
93,Poonawalla Fincorp Limited,537.00,"₹41,458Cr",-1.20%,-126.68,20.31,-4.20,5.07,0.00%,3.19,31.94625750607515,-78.53518035934715,4.76%,47.909436834094365
94,Jubilant FoodWorks,613.90,"₹41,128Cr",10.02%,166.66,140.11,3.74,19.56,0.19%,2.08,18.451969592259847,29.48941953018832,3.92%,8.98483080513419
95,Container Corporation of India,532.45,"₹40,552Cr",10.41%,31.27,45.96,17.03,3.28,1.73%,0.07,2.466879853814527,0.9242216565498278,11.99%,16.18145341061079
96,National Aluminium Co,217.07,"₹39,882Cr",29.59%,6.96,13.94,31.19,2.24,4.84%,0.01,34.72745971888927,76.97348724260668,27.95%,36.56488549618321
97,Mah & Mah Finl. Serv,282.50,"₹39,468Cr",10.51%,17.22,20.31,16.49,1.61,2.03%,5.53,18.03191489361702,3.2244229569557006,11.98%,64.12798557908968
98,NLC India,283.40,"₹39,387Cr",14.00%,13.78,23.28,20.62,2.10,1.06%,1.20,-4.203997243280496,-25.769184241300053,14.75%,23.74208633093525
99,UCO Bank,31.14,"₹39,261Cr",8.87%,15.89,13.70,1.97,1.41,1.25%,NA,8.368566846479078,10.251197909104112,9.44%,12.729718821471817
100,KIOCL,565.55,"₹37,984Cr",-11.95%,-198.41,14.40,-3.15,22.19,0.00%,0.11,-31.605922551252842,-25.492902208201894,-41.56%,-32.24165047645481
101,SJVN,90.51,"₹35,659Cr",5.78%,51.56,23.28,1.76,2.51,1.61%,1.91,0.4995126705653012,-20.98120128381476,31.43%,68.9846703181653
102,Aster DM Healthcare,661.60,"₹34,833Cr",10.82%,109.50,65.48,6.14,9.80,0.72%,0.59,-89.46693613581245,-98.65862183754993,13.67%,19.90421661780281
103,Delhivery,468.95,"₹34,587Cr",1.72%,173.97,45.96,2.66,3.67,0.00%,0.15,6.6006600660066,58.32175604334535,5.36%,6.538257408226449
104,AWL Agri Business,265.10,"₹34,578Cr",13.00%,30.10,51.73,8.84,3.62,0.00%,0.21,22.940237888018565,-30.55169216504405,1.34%,2.6297563565571354
105,Central Bank of India,37.67,"₹34,196Cr",12.79%,8.00,13.70,4.72,1.04,0.50%,NA,9.2,32.849967043207485,13.61%,17.187198766146132
106,Exide Industries,402.85,"₹33,996Cr",5.71%,40.08,39.18,9.98,2.44,0.50%,0.14,4.645250751097758,14.622455914440033,7.11%,9.690150176678443
107,Cohance Lifesciences,874.05,"₹33,234Cr",28.72%,99.39,34.33,8.74,19.44,0.00%,0.16,-2.1300912333247948,-30.3247183565275,12.11%,15.67206249496658
108,Hindustan Copper,332.65,"₹32,700Cr",17.48%,67.23,13.94,5.03,12.29,0.43%,0.06,5.237391095835661,18.402257296534703,26.00%,34.368176208107855
109,Go Digit General Insurance,348.00,"₹32,385Cr",9.27%,70.15,18.96,5.00,7.56,0.00%,0.08,6.220322886989553,36.50088809946715,7.42%,0.0
110,New India Assurance Company,192.97,"₹31,864Cr",3.58%,26.60,14.91,7.27,1.40,0.93%,0.00,14.406943105110898,80.21385444992394,4.17%,0.0
111,LIC Housing Finance,566.65,"₹31,728Cr",14.97%,5.77,20.31,99.99,0.87,1.73%,7.45,6.618514150943396,4.615384615384616,18.80%,93.26697082814877
112,Aegis Vopak Terminals,273.05,"₹31,085Cr",6.63%,207.81,45.96,1.35,6.59,0.00%,2.09,12.222305896528367,93.38168631006346,30.83%,56.44879881895047
113,ITI,324.15,"₹30,513Cr",-15.38%,-162.85,52.85,-1.95,18.78,0.00%,0.91,-4.480206347426259,-30.478700043917435,-11.99%,-2.436160845318462
114,Apollo Tyres,478.50,"₹30,190Cr",8.42%,36.29,30.60,13.10,2.05,1.05%,0.30,2.5530073561228903,15.726415585768608,4.73%,8.934177215189875
115,Motherson Sumi Wiring India,46.38,"₹30,121Cr",35.67%,50.47,46.61,0.90,17.74,0.51%,0.16,13.926940639269406,-3.8758648485255662,5.77%,7.852905811623247
116,NBCC (India),112.62,"₹30,092Cr",24.69%,52.82,43.22,2.11,12.14,0.60%,0.00,2.8211284513805523,31.68648274269884,6.89%,8.93928779918272
117,Elitecon International,157.85,"₹26,559Cr",43.46%,377.61,27.59,0.44,165.76,0.00%,0.02,302.1388216303471,349.5594713656388,10.24%,10.24586051179127
118,Gujarat Gas,430.60,"₹29,742Cr",13.53%,25.96,16.80,16.64,3.50,1.35%,0.02,-11.347517730496454,-0.9127296985869341,8.04%,10.855757575757575
119,Aegis Logistics,820.35,"₹29,203Cr",14.33%,44.04,54.78,18.89,6.31,0.96%,0.99,-1.4950841903039913,-58.176651955746316,8.27%,11.229020156710682
120,ICICI Securities,895.70,"₹29,132Cr",35.81%,16.13,19.98,55.52,5.33,1.99%,3.89,-14.172749391727493,-25.928954474574983,27.64%,65.88589652728561
121,Indraprastha Gas,220.12,"₹29,127Cr",16.18%,17.48,16.80,11.90,2.74,3.36%,0.01,11.427850655903129,-11.336405529953915,8.23%,10.822730359972834
122,KIMS,706.45,"₹28,930Cr",17.99%,76.83,65.48,9.41,13.53,0.00%,1.20,15.900210399759555,-3.130148270181228,15.75%,23.910788381742737
123,Tata Technologies,712.95,"₹28,820Cr",18.91%,42.06,24.66,16.89,9.17,1.65%,0.07,-15.776888888888891,-41.74083414969673,37.73%,34.55794661797765
124,Sumitomo Chemical India,534.35,"₹27,029Cr",17.42%,48.52,34.13,11.16,9.32,0.22%,0.02,26.75793548988969,40.049848119012395,17.16%,22.381784728610853
125,Star Health Insurance,476.40,"₹26,881Cr",9.08%,45.58,18.96,10.03,3.81,0.00%,0.07,10.924810060256746,-17.68726679835701,6.67%,0.0
126,Shyam Metalics and Energy,927.35,"₹26,802Cr",8.60%,29.00,34.57,33.11,2.54,0.47%,0.07,11.228945726762321,2.9350362274345896,9.57%,13.202467750981493
127,Bandhan Bank,164.47,"₹26,557Cr",8.43%,12.93,14.52,12.75,1.09,0.91%,NA,2.276100940128649,-65.00846660395108,6.79%,8.409772617319787
128,OLA Electric Mobility,52.61,"₹23,201Cr",-44.25%,-9.85,28.17,-5.34,4.51,0.00%,0.69,3.571428571428571,83.33333333333334,"-1,100%",41.37931034482759
129,Piramal Pharma,195.56,"₹25,980Cr",1.12%,264.12,34.33,0.74,3.20,0.07%,0.60,4.636363636363637,32.684414213674216,11.67%,14.405734144222414
130,MRPL,149.28,"₹25,842Cr",0.43%,-89.91,19.64,-1.64,1.99,0.00%,1.01,-23.077485914977682,-514.7780997407351,-1.30%,-0.693046704080662
131,Sona BLW Precision Forgings,414.05,"₹25,767Cr",10.94%,44.14,39.18,9.39,4.69,0.77%,0.04,-5.349404907903799,-22.476768198244717,16.55%,20.479534040006417
132,Syngene International,632.70,"₹25,554Cr",10.50%,50.37,65.48,12.59,5.41,0.20%,0.12,9.634506852996497,0.13531799729363234,9.26%,11.043019977938473
133,IRB Infrastructure Developers,41.49,"₹25,297Cr",5.04%,3.87,24.73,10.83,1.28,0.72%,1.04,-6.164383561643835,-1.4593908629441577,10.80%,25.08029197080292
134,Manappuram Finance,290.95,"₹24,619Cr",9.78%,30.78,20.31,9.45,1.98,1.38%,2.90,7.583230579531443,-11.001407235916286,22.50%,67.10601719197707
135,Emami,551.85,"₹24,355Cr",29.93%,29.77,51.73,18.74,9.04,1.79%,0.03,-3.0686550786802678,-7.324695988180467,21.56%,23.416133887338077
136,Anant Raj,735.60,"₹24,202Cr",10.23%,52.58,40.56,13.41,5.82,0.10%,0.12,30.514615357557425,64.85335856196784,19.78%,22.64984907287624
137,INOX Wind,139.38,"₹24,092Cr",8.88%,47.90,60.15,2.91,3.92,0.00%,0.30,14.910369180359142,23.5361162558769,12.12%,19.54514624254253
138,EIH,390.10,"₹23,876Cr",16.03%,35.06,57.58,10.89,5.18,0.39%,0.06,14.724197501104818,-57.398945518453424,25.81%,9.25024513237148
139,HBL Engineering,871.15,"₹23,836Cr",18.68%,70.08,39.18,12.27,16.08,0.12%,0.05,17.52423708806627,88.18855218855217,24.17%,31.972733110500055
140,Aditya Birla Sun Life AMC,820.75,"₹23,661Cr",24.97%,24.34,20.31,33.67,6.35,2.93%,0.02,17.819613789037,18.506312861117046,62.65%,66.73220254160039
141,Tata Chemicals,922.00,"₹23,634Cr",1.33%,70.12,43.93,13.23,1.09,1.19%,0.33,12.074554294975687,13.284132841328415,26.26%,27.621113521330443
142,Ather Energy,630.05,"₹23,601Cr",-164.77%,-29.23,33.62,-21.23,7.56,0.00%,1.26,82.65472312703584,-2.5697102241662204,-27.65%,-22.900876801902214
143,PNB Housing Finance,890.00,"₹23,305Cr",11.48%,11.44,20.31,78.19,1.38,0.56%,3.70,13.666300768386389,21.203072644799537,25.76%,92.70883631096089
144,Firstsource Solutions,326.35,"₹23,215Cr",14.51%,36.93,24.66,8.89,5.65,1.20%,0.63,32.66066616981026,42.56193990511334,19.52%,26.025641025641022
145,Ramco Cements Limited,"1,005.70","₹23,120Cr",1.41%,72.16,44.37,13.56,3.11,0.20%,0.63,-0.9537434430138292,142.2816901408451,4.15%,10.65045739046702
146,KEC International,862.20,"₹22,825Cr",10.67%,37.56,24.73,22.83,4.27,0.64%,0.74,2.695829094608342,14.556765163297044,0.91%,4.288261515601783
147,Sun TV Network,583.75,"₹22,814Cr",14.61%,13.64,18.53,42.43,1.96,2.59%,0.01,1.4830508474576272,-3.3422313233627245,42.06%,48.349338900487126
148,Himadri Speciality Chemical,461.70,"₹22,557Cr",14.93%,36.69,43.93,12.45,6.20,0.13%,0.08,-6.9306930693069315,47.88983394086674,16.59%,22.914007092198585
149,Welspun Corp,871.70,"₹22,462Cr",20.32%,11.17,36.11,76.26,3.02,0.58%,0.15,-8.076009501187649,124.44072573542364,11.72%,18.386046511627907
150,Asahi India Glass,872.35,"₹22,402Cr",13.91%,64.10,63.70,13.71,6.11,0.22%,1.01,8.239700374531834,-30.19879675647397,4.70%,11.2560553633218
151,Aadhar Housing Finance,512.90,"₹22,384Cr",14.31%,23.59,20.31,21.91,3.53,0.00%,2.56,19.379040513820126,18.602558976409433,27.98%,74.8555117000282
152,CESC,162.69,"₹22,051Cr",11.40%,16.00,23.28,10.40,1.84,2.72%,1.50,0.8677542519958347,9.895833333333332,7.37%,17.102546455609087
153,Brigade Enterprises,926.45,"₹21,803Cr",12.16%,28.99,40.56,30.76,3.87,0.28%,0.97,-14.04900008657258,-16.19686119152826,12.61%,17.803831510243548
154,Redington,274.75,"₹21,655Cr",12.83%,13.25,54.78,20.90,2.48,2.45%,0.32,23.94024638665244,28.611807027686787,1.57%,2.367535415199186
155,Chalet Hotels,970.85,"₹21,185Cr",4.68%,74.35,57.58,13.03,6.95,0.00%,0.85,141.92794547224926,206.74865026994595,24.04%,36.17713687745081
156,Jyoti CNC Automation,934.55,"₹21,153Cr",18.74%,62.84,36.11,14.80,12.54,0.00%,0.29,23.19989809241745,75.13355998057311,19.37%,26.420410484412965
157,Punjab & Sind Bank,29.87,"₹21,116Cr",8.76%,19.08,14.52,1.56,1.68,0.24%,NA,18.728039353478568,48.29752066115704,9.25%,9.559633027522935
158,Karur Vysya Bank,218.57,"₹20,957Cr",16.80%,10.45,14.52,20.75,1.76,1.00%,NA,12.832023943135054,13.692358007195043,20.30%,22.790450928381965
159,Chambal Fertilisers,510.65,"₹20,710Cr",18.90%,11.83,30.38,43.68,2.37,1.93%,0.01,14.503220769080617,15.540785279629105,11.20%,14.405386975792704
160,Sagility,44.76,"₹20,687Cr",6.47%,31.12,24.66,1.42,2.48,0.00%,0.17,23.435851241796424,1409.0483619344775,20.47%,31.18367006526136
161,Sarda Energy & Minerals,573.05,"₹20,576Cr",11.13%,21.99,34.57,26.55,3.27,0.26%,0.46,89.90745976361553,113.27550964035137,29.57%,39.61946259985476
162,Devyani International,165.56,"₹20,345Cr",0.84%,-1651.50,140.11,-0.10,13.44,0.00%,2.91,9.621710526315788,-80.37914691943128,0.68%,6.704533276176187
163,Hatsun Agro Product,905.80,"₹20,322Cr",16.23%,71.67,51.73,12.73,11.83,0.66%,1.50,6.773243584350021,13.436494561054099,5.84%,9.638297872340425
164,Kansai Nerolac Paints,246.48,"₹20,285Cr",10.44%,17.91,53.19,14.01,3.16,1.49%,0.05,2.4413595021541408,-4.251347988386562,11.06%,14.65747663551402
165,Schneider Electric,842.65,"₹20,099Cr",47.68%,77.12,67.73,10.90,43.94,0.00%,0.93,5.108226562106423,-14.933993399339924,6.63%,10.649753167287077
166,Castrol India,202.28,"₹20,069Cr",52.58%,20.98,47.96,9.67,11.03,6.41%,0.04,6.205923836389281,5.095404229659307,16.30%,22.05577689243028
167,IIFL Finance,475.50,"₹19,949Cr",5.38%,61.52,20.31,7.63,1.61,0.00%,4.15,45.25904203323558,-685.9223300970874,8.98%,59.203903095558545
168,IDFC,107.97,"₹17,280Cr",7.81%,19.93,21.18,5.42,1.29,0.00%,0.00,-66.49145860709592,-97.18909710391823,4.31%,3.7908496732026142
169,GMDC,583.95,"₹19,419Cr",10.70%,29.18,10.60,20.93,3.03,1.65%,0.02,-7.741641510508633,-11.074389120658827,22.40%,27.805010556989224
170,Brainbees Solutions,377.90,"₹19,305Cr",-3.15%,-106.61,96.82,-3.47,4.06,0.00%,0.33,10.170078031731746,1179.1666666666667,0.54%,2.5708676874754617
171,Reliance Power,44.56,"₹18,781Cr",-1.12%,6.08,23.28,7.47,1.26,0.00%,0.93,-5.974842767295596,-7.766990291262142,372.55%,71.27926421404682
172,Crompton Greaves,287.50,"₹18,625Cr",16.40%,35.36,69.18,8.18,5.49,1.04%,0.14,-7.06713780918728,-20.600177642431163,6.88%,9.614340032590983
173,Crompton Greaves,287.50,"₹18,625Cr",16.40%,35.36,69.18,8.18,5.49,1.04%,0.14,-7.06713780918728,-20.600177642431163,6.88%,9.614340032590983
174,Bikaji Foods International,730.60,"₹18,267Cr",14.52%,90.33,51.73,8.07,13.21,0.14%,0.17,10.447134560212726,5.972152323435669,10.39%,13.979346173340094
175,Capri Global Capital,188.40,"₹18,257Cr",11.12%,31.59,20.31,6.01,2.90,0.09%,3.62,46.49795452383218,141.3371906139505,20.16%,65.37692227763924
176,Sai Life Sciences,862.25,"₹18,120Cr",7.99%,74.27,34.33,11.66,8.51,0.00%,0.17,80.8760409406068,-612.9173989455185,12.08%,17.98600547611804
177,Gujarat State Petronet,323.55,"₹18,111Cr",9.54%,17.24,16.80,18.62,1.56,1.56%,0.01,-15.483171027820111,-32.794076030563154,50.19%,58.60814817078761
178,Century Plyboards (India),817.10,"₹18,066Cr",7.84%,89.06,58.70,9.13,7.64,0.12%,0.67,6.408305644401658,-8.239751048572593,6.67%,9.64785992217899
179,Alembic Pharmaceuticals,916.70,"₹17,833Cr",11.24%,29.57,34.33,30.68,3.44,1.21%,0.24,1.555104800540906,-41.24524660877462,6.93%,9.864181091877496
180,Carborundum Universal,919.30,"₹17,503Cr",10.18%,72.43,36.11,12.69,4.96,0.44%,0.06,14.387206258808636,55.41380789022298,20.76%,20.927104025748697
181,Acme Solar Holdings,290.15,"₹17,460Cr",5.59%,45.73,24.73,6.31,3.87,0.07%,2.43,-9.963638162614089,-99.46777054997044,0.29%,16.799912085496853
182,Zensar Technologies,760.90,"₹17,176Cr",15.97%,25.49,24.66,29.64,4.22,1.72%,0.03,11.609088079676317,-3.861219921656395,27.61%,29.935861684327943
183,Manyavar- Vedant Fashions Ltd.,691.95,"₹16,912Cr",21.75%,42.68,48.14,16.31,9.47,1.15%,0.27,17.50612369871403,12.433989438310135,24.99%,34.733893557422974
184,RBL Bank,273.55,"₹16,910Cr",3.70%,29.13,13.70,9.47,1.08,0.36%,NA,4.858205485820548,-46.07827304048234,5.82%,5.777654622035025
185,JM Financial,174.53,"₹16,829Cr",8.44%,15.24,20.31,11.55,1.73,1.53%,1.18,106.20431893687707,286.6995073891626,54.19%,65.83155435614452
186,Ventive Hospitality,707.55,"₹16,821Cr",2.50%,139.31,57.58,5.17,3.50,0.00%,0.57,45.28679606580206,81.94549583648751,33.67%,51.97100407380781
187,Triveni Turbine,523.80,"₹16,582Cr",29.37%,48.53,60.15,10.75,13.63,0.77%,0.03,-11.803954870799462,-3.486027081532702,19.44%,24.676753782668502
188,Afcons Infrastructure,452.35,"₹16,508Cr",9.25%,31.00,24.73,14.48,3.14,0.56%,0.45,7.09353421217828,30.98822621115613,4.04%,10.064771395076203
189,Choice International,808.10,"₹16,495Cr",15.24%,95.82,20.31,8.37,16.79,0.00%,0.45,0.42857142857143216,-48.0,23.71%,37.9800853485064
190,Godawari Power and Ispat,243.28,"₹16,463Cr",16.54%,22.21,34.57,11.07,3.35,0.88%,0.06,-5.237315875613748,-27.048464561199236,17.68%,24.48272884283247
191,City Union Bank,219.70,"₹16,329Cr",12.31%,14.02,14.52,15.72,1.72,0.91%,NA,16.951296647691336,15.664108283867067,19.06%,20.60140616549486
192,Ircon International,182.60,"₹16,219Cr",11.50%,24.29,24.73,7.10,2.56,1.54%,0.68,-22.256365232660226,-14.696051215228598,9.05%,11.197063805759457
193,Aptus Value Housing,314.50,"₹16,176Cr",17.40%,20.26,20.31,15.95,3.76,1.39%,1.59,19.38126162581992,21.576176632356404,43.50%,85.1675687496583
194,Gallantt Ispat,653.80,"₹16,050Cr",14.10%,35.46,34.57,18.76,5.65,0.19%,0.13,-2.239448751076658,42.602773447115766,15.41%,19.561233480176213
195,JBM Auto,668.95,"₹16,027Cr",14.95%,78.08,39.18,8.68,11.87,0.13%,1.95,16.933207902163687,-5.36556603773585,2.60%,6.382944489139179
196,Paradeep Phosphates,189.33,"₹15,960Cr",13.53%,19.89,30.38,9.83,3.91,0.51%,1.07,57.73884021693784,3949.921011058452,6.83%,11.348849510711451
197,V-Guard Industries,363.85,"₹15,929Cr",14.95%,55.19,60.15,6.62,7.59,0.41%,0.06,-0.7037297677691766,-31.96140693698094,3.96%,5.565556343019136
198,Five-Star Business Finance,532.60,"₹15,800Cr",17.01%,14.53,25.96,36.92,2.51,0.37%,1.26,18.19743643371479,5.8592041976388325,33.85%,68.53473881115787
199,Syrma SGS Technology,851.95,"₹15,748Cr",9.71%,78.68,86.51,10.40,5.73,0.17%,0.38,-30.562601154673054,879.8534798534799,4.76%,8.316228909375544
200,CIE Automotive India,410.80,"₹15,620Cr",11.41%,19.77,36.23,20.83,2.26,1.70%,0.07,5.3984575835475574,0.06314127861089053,10.53%,13.920325203252032
201,Allied Blenders And Distillers,546.65,"₹15,550Cr",12.63%,64.72,62.97,8.59,10.08,0.65%,0.59,0.5652911249293386,399.67186218211646,3.44%,6.105115233277122
202,Dr. Agarwal's Health Care,506.00,"₹15,528Cr",4.47%,153.01,65.48,3.21,8.32,0.00%,0.51,28.674216099096512,-218.6619718309859,3.46%,11.091342335186654
203,Supreme Petrochem,807.60,"₹15,480Cr",17.50%,44.28,26.88,18.59,6.94,1.21%,0.06,-12.155388471177945,-33.644936449364494,5.85%,7.957917261055634
204,IFCI,56.62,"₹15,476Cr",1.97%,48.68,20.31,1.18,1.78,0.00%,0.43,46.81386476175015,-104.9784133837021,4.75%,73.28320247705406
205,Elgi Equipments,496.25,"₹15,373Cr",18.77%,42.37,36.11,11.45,8.24,0.45%,0.31,8.16158285243198,11.950549450549456,16.21%,20.94131097560976
206,International Gemmol,351.90,"₹15,182Cr",39.64%,30.95,43.22,11.35,12.27,0.69%,0.11,19.012062033314187,43.029546400332904,58.72%,72.92873230373232
207,Reliance Infrastructure,235.10,"₹9,956Cr",26.60%,1.90,24.73,128.02,0.71,0.00%,0.44,81.82463613773517,-153.81259392117894,-122.54%,154.3342444357673
208,Nuvoco Vistas Corporation,428.95,"₹15,026Cr",0.24%,98.76,44.37,4.26,1.67,0.00%,0.45,10.018132366273798,320.66420664206646,3.79%,9.245982694684795
209,Transformers India,494.05,"₹14,834Cr",17.12%,56.74,60.15,8.71,11.85,0.04%,0.23,66.95500633713559,227.4360370168753,11.78%,17.166119451139664
210,Niva Bupa Health Ins,79.73,"₹14,807Cr",5.66%,105.54,18.96,0.76,4.82,0.00%,0.07,13.564929693961952,385.8660998937301,-7.50%,0.0
211,PG Electroplast,521.25,"₹14,685Cr",10.18%,54.19,69.18,9.54,5.19,0.05%,0.14,-10.57743245629525,73.19195214790646,9.52%,12.725682690137665
212,Natco Pharma,811.40,"₹14,606Cr",24.79%,8.60,34.33,94.78,1.92,0.74%,0.04,-1.957713390759593,-27.06270627062705,38.91%,43.5702875399361
213,Cemindia Projects,826.90,"₹14,535Cr",20.33%,35.46,24.73,23.86,7.93,0.24%,0.52,7.109995817649518,36.95977642479289,5.38%,8.346349082389692
214,Trident,28.33,"₹14,483Cr",8.00%,33.05,32.97,0.86,3.13,1.27%,0.35,-1.7142857142857144,89.3735561896997,8.20%,12.66279069767442
215,Zydus Wellness,450.30,"₹14,406Cr",6.12%,44.05,51.73,10.28,2.54,0.26%,0.03,29.17888563049852,12.90322580645161,9.08%,13.393870601589105
216,Jupiter Wagons,344.35,"₹14,363Cr",13.88%,44.46,36.11,7.61,5.28,0.38%,0.18,-52.918421636000886,-63.17382046396952,8.00%,13.193022106080937
217,Belrise Industries,161.32,"₹14,349Cr",13.18%,36.32,39.18,4.44,2.96,0.25%,1.10,26.84797768479777,55.77332117897298,5.70%,10.446948873007148
218,PCBL Chemical,378.60,"₹14,253Cr",11.75%,34.71,43.93,10.88,3.98,1.46%,1.51,-2.53671562082777,-19.943240454076367,6.41%,13.194520547945205
219,Swan Corp,448.25,"₹14,231Cr",10.29%,22.40,32.97,20.27,2.09,0.02%,0.38,13.31058020477815,137.53846153846152,16.08%,13.902980342422321
220,KSB,799.65,"₹13,944Cr",16.74%,54.28,36.11,14.76,9.09,0.50%,0.00,3.7867312935474096,5.976676384839664,10.90%,13.995913601868068
221,Minda Corporation,594.35,"₹13,847Cr",11.60%,53.98,39.18,10.73,6.30,0.24%,0.73,17.35284772827434,-18.934108527131787,3.69%,7.579039301310043
222,Indegene,551.80,"₹13,719Cr",15.55%,31.51,65.48,18.13,5.25,0.35%,0.04,5.655526992287909,38.34355828220859,17.64%,21.376433785192912
223,Usha Martin,450.85,"₹13,712Cr",14.80%,33.93,34.57,13.26,4.98,0.67%,0.15,7.33277899174288,2.9189660180075587,13.12%,17.51193586163409
224,Aarti Industries,377.35,"₹13,695Cr",5.91%,57.75,43.93,6.54,2.44,0.26%,0.69,-8.719481813652218,-68.11594202898551,2.41%,5.513100436681222
225,LT Foods,397.15,"₹13,690Cr",15.71%,22.06,51.73,17.87,3.55,0.76%,0.33,0.47303689687795647,-27.07018927444794,3.52%,5.324858757062147
226,Intellect Design Arena,982.15,"₹13,661Cr",11.95%,38.72,24.66,25.35,4.90,0.71%,0.03,3.4223392252726534,20.840592334494772,14.70%,18.21818181818182
227,BLS International Services,351.40,"₹13,643Cr",29.36%,24.15,24.66,13.72,7.88,0.30%,0.21,19.838373305526588,-48.275862068965516,1.69%,5.4383293452251475
228,Lemon Tree Hotels,167.23,"₹13,528Cr",16.90%,62.78,57.58,2.72,11.62,0.00%,1.85,12.197471402769427,22.795440911817614,22.04%,39.07490877870787
229,Elecon Engineering Company,619.65,"₹13,517Cr",20.77%,26.13,36.11,23.05,6.76,0.33%,0.09,41.9026490930445,333.61161524500903,26.02%,63.210410152657715
230,Granules India,555.90,"₹13,418Cr",13.50%,27.98,34.33,19.76,3.61,0.27%,0.39,-3.5607196401799075,-25.90104499893368,9.86%,12.767197823552273
231,NMDC Steel Ltd.,45.31,"₹13,390Cr",-18.10%,-7.43,23.36,-6.15,1.02,0.00%,0.45,65.60665362035225,-104.67062585655549,0.76%,5.016838995568685
232,Jindal Hisar,562.80,"₹13,230Cr",30.12%,8.94,19.65,62.69,2.42,0.00%,0.29,-1.4289425824889581,-34.441707717569784,5.94%,8.396415392725357
233,Sammaan Capital,163.09,"₹13,254Cr",4.14%,13.48,25.96,11.87,0.58,1.25%,1.77,13.753877973112719,15.902271753107588,13.57%,70.18181818181817
234,NCC,211.10,"₹13,210Cr",11.19%,16.46,24.73,12.78,1.80,1.05%,0.22,-6.677901832736464,-5.300388562319426,4.34%,8.853047404063204
235,Jindal SAW,202.22,"₹13,088Cr",15.23%,7.60,36.11,26.92,1.15,0.98%,0.43,-24.67738283903102,-18.42653815981172,11.03%,13.164712954613766
236,Embassy Developments,94.71,"₹13,019Cr",2.77%,-89.92,39.88,-1.06,1.17,0.00%,0.26,-85.8815597258119,-127.51440788250605,-74.72%,-9.71028334925183
237,Godrej Agrovet,674.05,"₹13,003Cr",18.05%,28.58,51.73,23.66,5.46,1.63%,0.59,14.781125639567936,23.8287264462204,8.46%,11.824665676077267
238,Kirloskar Oil Engines,881.10,"₹12,969Cr",15.85%,27.49,36.11,32.47,4.20,0.73%,1.89,7.766272189349112,-8.847980997624704,8.50%,11.563486616334934
239,Cello World,593.25,"₹12,864Cr",15.63%,39.06,54.78,14.91,5.94,0.26%,0.00,11.846997048790756,-4.295942720763738,5.69%,7.408676581454323
240,Indian Energy Exchange,141.58,"₹12,702Cr",37.77%,28.04,51.98,5.08,11.33,2.10%,0.01,18.25191136451988,21.001926782273607,80.75%,82.72971344035945
241,Finolex Cables,818.80,"₹12,662Cr",12.75%,20.44,45.52,40.50,2.30,0.97%,0.00,13.547376664056381,13.313198922536925,9.95%,11.805517241379311
242,Banco Products (India),795.65,"₹12,520Cr",30.07%,28.94,39.18,30.25,9.61,1.26%,0.44,21.021230435456374,72.36415976970133,16.14%,20.443050131250402
243,Newgen Software Technologies,883.10,"₹12,502Cr",20.79%,39.39,24.66,22.40,8.24,0.56%,0.04,3.6002890743052296,14.861995753715492,17.35%,19.78248462172617
244,Jaiprakash Power Ventures,17.90,"₹12,377Cr",6.62%,16.72,23.28,1.08,1.46,0.00%,0.31,-8.375491849353569,-20.23932506887053,17.56%,32.59263803680982
245,Finolex Industries,195.56,"₹12,375Cr",7.88%,31.12,48.92,6.41,2.03,1.80%,0.04,-7.280334728033473,-80.81353919239905,9.29%,11.882671480144404
246,Railtel Corporation of India,397.65,"₹12,342Cr",14.99%,38.92,52.12,9.88,6.17,0.74%,0.02,31.26947849574071,35.81261557427572,8.55%,11.85633639337343
247,India Cements,393.05,"₹12,196Cr",-5.53%,-36.41,44.37,-10.81,2.49,0.00%,0.11,5.634522957357605,-123.94709363035155,-1.34%,1.6156824782187804
248,Le Travenues Technology,310.70,"₹12,173Cr",9.50%,188.97,182.51,1.65,19.21,0.00%,0.06,72.4549598437161,101.63191296464188,7.15%,9.546884833228445
249,Titagarh Rail Systems,927.25,"₹12,107Cr",11.13%,50.39,36.11,17.84,4.88,0.11%,0.25,-24.51548058644875,-40.05048380311317,6.29%,10.85043563840565
250,RITES,256.62,"₹12,106Cr",14.57%,31.37,43.22,8.03,4.59,3.00%,0.00,0.16205749884245457,2.7597903176071634,14.62%,19.15698346325986
251,SBFC Finance,110.68,"₹12,036Cr",10.82%,34.84,20.31,3.16,3.77,0.00%,1.65,30.600652078921726,28.163109756097565,26.07%,67.11362758975679
252,Chennai Petroleum Corporation,805.30,"₹12,028Cr",2.61%,-65.72,19.64,-12.29,1.47,0.62%,0.38,-8.210164497913086,-116.52656158785757,-0.30%,-0.23035360830257318
253,Blue Jet Healthcare,673.95,"₹11,837Cr",26.94%,33.01,39.58,20.67,10.45,0.18%,0.02,111.51963640601328,141.31815775542614,25.70%,34.03487507231206
254,Vardhman Textiles,401.95,"₹11,679Cr",8.93%,13.71,32.97,29.46,1.18,1.24%,0.13,3.3832976445396143,-11.14147201410313,8.61%,11.952775476387739
255,Jammu & Kashmir Bank,104.10,"₹11,469Cr",16.56%,5.34,13.70,19.50,0.88,2.06%,NA,10.382685069008783,16.69113576740715,14.83%,18.691389599317986
256,Alivus Life Sciences,925.60,"₹11,452Cr",17.24%,23.11,39.58,40.40,4.06,0.54%,0.02,2.8159768393058555,9.024040186580553,20.19%,26.885927575142425
257,Jyothy Labs,310.90,"₹11,417Cr",18.07%,30.81,51.73,10.09,5.57,1.13%,0.03,2.0904261660948205,-4.949425513110078,12.88%,16.72224745344839
258,CCL Products India,852.25,"₹11,278Cr",15.78%,36.24,62.79,23.31,5.73,0.59%,0.92,23.83036557554535,24.741447891805883,5.86%,13.023662474886526
259,Apollo Micro Systems,330.60,"₹11,257Cr",9.29%,169.60,52.85,1.99,12.30,0.07%,0.55,46.615234162773014,125.66782810685251,14.55%,28.044171051656413
260,Tata Tele (Maha),58.68,"₹11,186Cr",6.52%,-8.76,52.12,-6.53,0.00,0.00%,-1.04,-12.473637558455849,0.48855905998764415,-112.99%,37.68333566140522
261,Engineers India,201.62,"₹11,148Cr",21.72%,20.14,24.73,9.85,4.18,2.02%,0.01,37.60334402764066,27.929901423877325,8.18%,10.571566286668684
262,Welspun Living,115.56,"₹11,127Cr",12.98%,25.44,54.44,4.50,2.85,0.15%,0.43,-14.066726780883679,-47.65415087840165,4.04%,6.472717733473243
263,Graphite India,574.25,"₹11,084Cr",7.88%,30.88,36.11,18.37,1.89,1.94%,0.03,-8.468677494199536,-29.268292682926827,22.55%,22.686945500633712
264,TV18 Broadcast,45.27,"₹7,773Cr",-0.28%,-54.63,13.27,-0.83,0.45,0.00%,0.36,13.015120795368487,-133.83495145631068,1.55%,5.105371230952124
265,Relaxo Footwears,435.85,"₹10,956Cr",8.12%,62.69,67.27,7.02,5.22,0.68%,0.10,-11.651760834372768,10.209601081812037,7.47%,10.681726017933045
266,Eureka Forbes,549.85,"₹10,934Cr",3.73%,63.95,69.18,8.84,2.48,0.00%,0.01,10.79318173627878,24.097938144329913,6.34%,8.569151704397605
267,BlackBuck,621.55,"₹10,838Cr",26.88%,-2998.50,45.96,-0.20,8.76,0.00%,0.03,61.11396040619551,23.462897526501756,24.77%,30.343159101037752
268,Zee Entertainment Enterprises,112.39,"₹10,835Cr",6.59%,15.37,18.53,7.34,0.94,2.16%,0.03,-15.525793650793652,-0.8888888888888888,6.62%,9.512624779800353
269,HFCL,74.46,"₹10,732Cr",4.35%,323.43,12.06,0.23,2.63,0.13%,0.33,-25.4066852367688,-137.14686787155642,-5.36%,-1.8858060420478735
270,Can Fin Homes,804.35,"₹10,714Cr",16.92%,12.16,25.96,66.19,2.11,1.49%,6.92,9.544317120058423,12.136846323382096,21.94%,90.77941176470588
271,JK Lakshmi Cement,852.30,"₹10,670Cr",8.35%,27.45,47.33,31.31,2.98,0.72%,0.32,11.92136968928345,169.06155756608123,8.71%,14.647592067988665
272,Tejas Networks,592.50,"₹10,634Cr",11.61%,60.68,12.06,9.91,2.77,0.42%,0.89,-86.57269841269841,-339.18835574195145,-96.03%,-105.30073765840741
273,Aditya Birla Fashion & Retail,85.70,"₹10,520Cr",-10.25%,-22.57,96.82,-3.82,1.54,0.00%,0.74,2.3893183415319745,-24.349911638475135,-4.30%,-0.1949210706932052
274,MMTC,68.37,"₹10,497Cr",5.73%,107.66,54.78,0.65,6.17,0.00%,0.00,-48.42522522522522,16.007592534008232,"2,696%",64.42146450531024
275,Westlife Foodworld Ltd,684.05,"₹10,490Cr",2.01%,1034.92,140.11,0.65,17.38,0.11%,2.69,5174.999999999999,-20842.85714285714,98.44%,98.3073798239675
276,Shipping Corporation of India,222.17,"₹10,439Cr",10.15%,11.52,9.80,19.46,1.26,2.94%,0.27,-6.225930680359435,19.625679631953158,26.09%,26.407255304585902
277,Edelweiss Financial Services,110.91,"₹10,435Cr",9.01%,25.65,20.31,4.30,2.36,1.32%,4.07,-755.6603773584906,-173.697270471464,39.48%,95.21582733812949
278,Vesuvius India,513.60,"₹10,432Cr",16.47%,41.62,47.45,12.35,6.85,0.28%,0.01,12.787128188843013,-6.458797327394201,12.03%,15.947442515251053
279,Jubilant Ingrevia,663.50,"₹10,422Cr",8.58%,37.56,43.93,17.42,3.56,0.76%,0.26,0.6000143103924118,80.07323771742445,6.12%,9.576500233697088
280,Nazara Technologies,273.90,"₹10,338Cr",3.04%,81.36,182.51,3.43,3.08,0.00%,0.08,72.10506844247134,186.7082035306334,135.88%,42.5408426483233
281,Star Cement,261.00,"₹10,305Cr",5.87%,43.58,44.37,5.85,3.58,0.00%,0.14,15.513428120063185,-284.23457730388424,4.44%,9.376367614879651
282,Vijaya Diagnostic Centre,"1,000.35","₹10,259Cr",17.98%,68.35,65.48,14.61,12.89,0.20%,0.40,24.629059829059834,33.02148302148303,21.96%,32.078784221210284
283,ASK Automotive,513.90,"₹10,169Cr",23.74%,39.59,39.18,13.03,9.75,0.19%,0.39,-7.220312086749542,0.8154188287620416,7.49%,10.2513981647391
284,JK Tyre & Industries,376.25,"₹10,168Cr",10.21%,22.65,30.60,16.38,2.10,0.81%,1.01,15.556441962504985,18.779244360639723,6.02%,10.05005177770107
285,Shakti Pumps India,811.00,"₹10,075Cr",35.17%,24.42,36.11,33.43,6.93,0.12%,0.14,9.350181149720708,4.331970383467788,15.59%,21.824710298677978
286,Shree Global Tradefin Ltd.,69.04,"₹10,066Cr",2.33%,31.65,54.78,2.21,3.63,0.13%,0.24,108.50601030337724,23951.08695652174,224.85%,73.00554548948554
287,Ramkrishna Forgings,549.05,"₹10,053Cr",10.92%,23.81,36.23,23.31,3.31,0.36%,0.70,5.406404354692381,-49.412041392285985,2.30%,7.5124853894378925
288,HEG,510.75,"₹10,025Cr",2.58%,50.93,36.11,10.20,2.25,0.35%,0.13,11.583037675282998,2682.9457364341083,11.72%,15.231808133724979
289,Aether Industries,750.00,"₹10,001Cr",7.12%,56.97,43.93,13.24,4.49,0.00%,0.09,13.298260235441193,32.694214876033065,19.66%,25.92984230610087
290,Black Box,592.50,"₹9,980Cr",35.11%,46.37,24.66,12.66,14.35,0.17%,1.24,-8.63486842105264,-144.96124031007753,1.38%,2.8802880288028807
291,Birlasoft,355.40,"₹9,970Cr",14.86%,21.08,24.66,16.98,2.87,1.81%,0.04,-12.61860983236924,-66.13453907908092,5.86%,7.973029013777319
292,Time Technoplast,221.17,"₹9,955Cr",13.41%,24.65,48.92,8.90,3.44,0.57%,0.25,2.722926626480995,19.451105782041026,6.98%,11.314323070697007
293,Sandur Manganese & Iron Ores,187.90,"₹9,936Cr",18.01%,20.18,10.60,10.13,3.80,0.20%,0.72,-30.379848188835158,-12.025965152032795,30.46%,46.778608395629675
294,TD Power Systems,632.55,"₹9,934Cr",20.29%,52.48,60.15,12.12,11.55,0.19%,0.01,36.08827834703298,49.906073888541016,13.38%,17.82778972916322
295,Sonata Software,352.60,"₹9,864Cr",24.89%,23.02,24.66,15.28,5.78,1.24%,0.30,15.371248025276468,-10.35163966811536,8.15%,13.501300835273176
296,Transrail Lighting,757.70,"₹9,856Cr",17.36%,25.89,24.73,28.36,5.25,0.11%,0.35,79.30708085490862,99.65118413805764,6.66%,11.955608878224355
297,Honasa Consumer,295.00,"₹9,624Cr",6.16%,130.31,54.78,2.27,8.16,0.00%,0.12,7.993524053515505,1.6042780748662986,6.84%,9.30956656397753
298,Balrampur Chini Mills,481.35,"₹9,598Cr",11.51%,22.94,20.63,20.72,2.53,0.63%,0.69,8.397480755773268,-33.328175769766354,2.79%,6.252420916720465
299,Sapphire Foods India,290.90,"₹9,539Cr",2.17%,1060.00,140.11,0.28,6.83,0.00%,0.92,7.097883002987558,-136.40256959314775,-0.51%,3.4749613809859476
300,India Shelter Fin.,889.40,"₹9,491Cr",13.95%,22.94,20.31,38.19,3.50,0.57%,1.83,38.61777692455365,43.081723268930766,33.03%,72.40949505581254
301,Ujjivan Small Finance Bank,48.42,"₹9,469Cr",8.81%,17.90,14.52,2.73,1.58,0.00%,NA,5.2987598647125145,-65.71675302245251,6.38%,7.255888650963597
302,Tata Steel BSL,85.35,"₹9,354Cr",28.22%,1.31,25.22,65.31,0.37,0.00%,0.22,50.045020709526376,451.6947086076567,23.25%,24.363898223715793
303,Tanla Platforms,701.50,"₹9,441Cr",22.36%,19.49,24.66,36.53,4.16,1.71%,0.03,-10.461114934618033,207.10928319623974,31.31%,26.676312338924813
304,Jeena Sikho Lifecare,752.80,"₹9,433Cr",30.95%,74.92,39.58,10.13,34.55,0.14%,0.04,70.7830151928321,217.90582403965303,29.44%,40.037636861313864
305,Genus Power Infrastructures,310.25,"₹9,394Cr",16.67%,23.45,69.18,13.17,5.02,0.79%,0.73,123.2253729960152,203.18546484190657,13.63%,21.728436063225846
306,Varroc Engineering,620.40,"₹9,350Cr",7.79%,69.86,39.18,8.76,5.97,0.16%,0.71,8.775029446407538,92.04167590334737,4.70%,8.18570655116405
307,IIFL Securities,306.50,"₹9,306Cr",28.41%,13.19,19.98,22.74,3.71,1.00%,0.37,1.441741179732435,-14.696863736618429,30.32%,41.53911855141783
308,Healthcare Global Enterprises,651.45,"₹9,279Cr",4.81%,250.21,65.48,2.63,10.04,0.00%,1.99,10.167373647693255,-70.56313993174061,1.06%,8.81712085484882
309,Tilaknagar Industries,467.00,"₹9,185Cr",26.02%,33.05,62.97,14.34,10.41,0.21%,0.05,30.2401632089765,119.3108577094695,10.24%,10.513464329317454
310,RHI Magnesita India Ltd.,487.80,"₹9,089Cr",5.06%,55.09,60.37,7.99,2.27,0.57%,0.10,14.522797993719724,-42.99363057324841,5.78%,7.909429280397022
311,Medplus Health Services,749.80,"₹9,087Cr",8.64%,50.97,96.82,14.88,5.22,0.00%,0.64,3.5299994449686483,46.112311015118784,7.36%,10.630997694740792
312,Jai Balaji Industries,98.94,"₹9,008Cr",26.26%,21.47,34.57,4.60,4.24,0.00%,0.26,-20.54398148148148,-66.21492194234268,5.20%,8.182811361981063
313,Saregama India,471.45,"₹8,990Cr",12.90%,44.07,18.53,10.57,6.11,0.97%,0.00,3.44958507349351,7.799517555615107,22.68%,28.490536360299906
314,Avanti Feeds,644.80,"₹8,966Cr",18.88%,15.49,51.73,42.49,3.20,1.37%,0.01,-1.3117283950617282,45.635301299380835,13.52%,17.502736512900704
315,Oswal Pumps,750.70,"₹8,846Cr",60.69%,29.03,36.11,26.74,6.54,0.00%,0.72,24.861645644295866,20.01945209920572,16.69%,25.052309492204195
316,Happy Forgings,950.45,"₹8,837Cr",14.46%,32.82,36.23,28.55,4.78,0.32%,0.12,4.30212241858333,2.8656435953648582,18.57%,24.975971440340523
317,TTK Prestige,636.40,"₹8,817Cr",8.25%,90.61,69.18,7.02,4.70,0.93%,0.07,3.419908127085051,-25.01600853788687,6.11%,8.395399503470639
318,Alok Industries,17.48,"₹8,788Cr",4.41%,-11.27,32.97,-1.57,0.00,0.00%,-1.26,-8.554853945274402,-10.647562148751962,-22.85%,-2.7138093259827314
319,Latent View Analytics,422.15,"₹8,760Cr",11.61%,47.06,24.66,9.01,5.84,0.00%,0.02,23.37253254934902,21.707929673484035,35.38%,39.06382978723404
320,Valor Estate,159.53,"₹8,757Cr",-3.48%,-88.26,40.56,-1.84,1.79,0.00%,0.39,-45.703125,-64.9746192893401,0.00%,-43.7410071942446
321,Kirloskar Ferrous Industries,531.25,"₹8,744Cr",8.56%,27.37,34.57,19.39,2.55,1.04%,0.37,8.706786171574905,26.73018393542412,5.68%,9.681389870435805
322,KPI Green Energy,432.00,"₹8,741Cr",12.25%,24.45,23.28,18.12,3.61,0.18%,0.57,26.908647834033417,37.369122406244045,18.77%,33.33333333333333
323,Lloyds Engineering Works,61.06,"₹8,625Cr",15.92%,70.56,36.11,0.88,11.38,0.34%,0.13,33.37461751420662,-17.012252591894438,10.09%,16.8624023597531
324,PN Gadgil Jewellers,655.05,"₹8,618Cr",14.05%,34.16,62.01,18.59,5.55,0.00%,0.60,3.939393939393939,95.32549469457989,4.00%,6.411661807580174
325,PC Jeweller,12.93,"₹8,601Cr",9.33%,14.70,62.01,0.89,1.48,0.00%,0.35,83.92324676211504,6.040051679586559,22.64%,25.418610695147457
326,Campus Activewear,278.00,"₹8,459Cr",16.02%,71.74,67.27,3.86,11.18,0.36%,0.31,2.3372287145242123,-12.529550827423167,6.47%,10.099882659340029
327,RateGain,717.85,"₹8,380Cr",12.42%,39.80,24.66,17.83,4.97,0.00%,0.01,18.50778150747634,26.293706293706276,30.68%,31.427835715205354
328,Dilip Buildcon,516.05,"₹8,357Cr",8.06%,11.14,24.73,46.19,1.53,0.17%,1.88,-14.044706874736399,158.89428149398606,2.52%,12.986751717369971
329,Archean Chemical Industries,656.75,"₹8,328Cr",10.22%,52.88,43.93,12.76,4.47,0.44%,0.13,30.466896459107396,6.995460173338837,18.61%,26.066220621032766
330,Religare Enterprises,249.95,"₹8,280Cr",4.98%,70.52,20.31,3.55,3.29,0.00%,0.09,-61.91646191646193,-61.17424242424242,"-2,563%",-142.25806451612902
331,Borosil Renewables,603.95,"₹8,244Cr",-6.97%,-118.56,63.70,-5.22,8.74,0.00%,0.25,38.2078559738134,7382.142857142859,10.28%,-75.53733199123691
332,Rashtriya Chemical,148.32,"₹8,212Cr",5.11%,28.68,30.38,5.19,1.73,0.89%,0.58,-22.955264347040217,404.38024231127685,1.61%,3.8228739002932555
333,GMR Power and Urban Infra,112.00,"₹8,096Cr",-43.99%,43.90,24.73,2.58,15.59,0.00%,17.48,-30.498293515358366,-111.83701454527646,-37.45%,126.50756236495778
334,Network18 Media & Investments,51.95,"₹8,017Cr",-5.39%,-5.67,13.27,-9.17,1.69,0.00%,0.62,-3.540587219343678,-791.4534494306763,-14.02%,110.62628936203338
335,MOIL,377.00,"₹8,010Cr",14.47%,28.53,14.40,13.80,3.04,1.43%,0.00,-28.73381931488142,-66.18969478175255,14.80%,17.22444132570442
336,Maharashtra Seamless,584.95,"₹8,006Cr",12.26%,9.11,36.11,65.56,1.26,1.67%,0.00,7.154605263157894,72.01912467819054,20.46%,23.306983883346124
337,Happiest Minds Technologies,498.30,"₹7,978Cr",11.73%,41.81,24.66,12.53,5.07,1.13%,0.79,8.174633044787349,-7.436131386861325,10.08%,18.175492310903905
338,KRBL,347.75,"₹7,930Cr",9.08%,14.68,51.73,23.60,1.51,1.01%,0.08,32.432432432432435,74.10920869967607,9.50%,12.547928262213977
339,Prism Johnson,155.13,"₹7,910Cr",-4.25%,87.79,44.37,1.79,5.35,0.00%,1.02,8.136004857316333,-1870.2127659574471,0.49%,2.969679955081415
340,Gujarat Pipavav Port,162.91,"₹7,880Cr",16.98%,20.12,28.48,8.10,3.37,5.03%,0.03,1.1660500056060115,-3.7366207951070303,40.22%,50.58554065536222
341,Inox Green Energy Services,225.17,"₹7,880Cr",1.01%,206.44,43.22,1.04,4.34,0.00%,0.09,42.39462431276727,353.06122448979596,18.56%,22.72272272272272
342,South Indian Bank,31.14,"₹7,850Cr",13.17%,5.89,13.70,5.09,0.78,1.33%,NA,9.064327485380117,9.45840274708462,13.63%,14.508713136729224
343,GSFC,196.02,"₹7,832Cr",4.77%,12.62,31.58,15.57,0.65,2.54%,0.00,0.8207934336525308,51.15500863557858,6.45%,8.734961555857078
344,Diamond Power Infrastructure,143.44,"₹7,794Cr",-3.93%,205.42,45.52,0.72,0.00,0.00%,-0.53,35.70631057121166,15.760869565217412,6.31%,7.4343447640360685
345,Mahindra Lifespace Developers,361.35,"₹7,778Cr",3.23%,77.93,31.18,4.68,2.29,0.56%,0.76,-70.9621396318166,42.4,-132.47%,-51.26452494873547
346,Triveni Engg,354.60,"₹7,757Cr",7.82%,35.87,20.63,9.88,2.49,0.71%,0.63,23.116883116883116,-98.5098801425332,0.02%,1.6993670886075947
347,Arvind,297.10,"₹7,727Cr",9.34%,21.03,32.97,14.02,2.04,1.27%,0.41,7.109283196239718,44.826720241084885,3.18%,6.449259462424574
348,Strides Pharma Science,831.85,"₹7,683Cr",13.75%,22.49,34.33,37.06,3.01,0.48%,0.74,-15.766615042758058,456.25,2.68%,9.362884208001919
349,Redtape,137.50,"₹7,654Cr",21.55%,43.00,96.82,3.22,9.70,1.63%,0.92,6.580729636987546,28.84300229432973,8.49%,13.93742983626697
350,FDC,455.55,"₹7,579Cr",11.70%,28.16,34.33,16.53,3.32,1.07%,0.01,3.9215686274509864,6.261414036003134,19.02%,23.90428843288536
351,Sharda Cropchem,829.20,"₹7,571Cr",12.17%,18.03,34.13,46.54,3.03,1.07%,0.00,27.29920066561674,539.8085585585585,13.77%,16.353874883286647
352,Welspun Enterprises,535.95,"₹7,571Cr",12.70%,24.01,24.73,22.78,2.98,0.54%,0.59,-18.117528854080803,-2.4288766445519068,14.37%,19.198640804190855
353,Yatharth Hospital,760.40,"₹7,531Cr",8.13%,52.95,65.48,14.76,4.69,0.00%,0.01,13.00271403898347,17.14902807775379,20.84%,27.387190684133916
354,Aarti Pharmalabs Ltd.,829.75,"₹7,520Cr",13.69%,28.22,34.33,29.40,3.78,0.60%,0.21,-4.724469160768452,8.655070004242678,13.65%,19.622721604627095
355,Keystone Realtors Ltd,617.80,"₹7,514Cr",6.20%,46.77,40.56,12.74,2.75,0.25%,0.34,-28.721663940172938,-42.00426439232409,19.87%,13.66393442622951
356,PNC Infratech,292.10,"₹7,470Cr",12.89%,20.45,36.14,14.24,1.36,0.21%,0.08,-34.56930975470622,-80.81882732907455,7.11%,11.435919790758499
357,Garware Technical Fibres,749.80,"₹7,446Cr",18.65%,31.31,32.97,23.96,6.00,0.20%,0.05,-1.6053730854287809,-2.1291696238467046,15.85%,20.613779516634757
358,Marksans Pharma,165.04,"₹7,434Cr",15.43%,21.22,34.33,7.73,3.01,0.49%,0.13,22.483630272575,50.09369144284821,15.03%,19.851432833965312
359,Shilpa Medicare,367.85,"₹7,386Cr",3.77%,66.49,34.33,5.68,3.11,0.13%,0.25,-13.566499372647426,-25.753228120516496,26.17%,15.441843585556162
360,RattanIndia Enterprises,52.27,"₹7,377Cr",9.16%,-27.94,20.31,-1.91,8.00,0.00%,1.00,-40.304178814382894,-40.440741985192744,83.69%,99.49208002995425
361,Thomas Cook India,157.07,"₹7,377Cr",11.26%,29.39,43.22,5.33,4.34,0.29%,0.21,11.243389590344375,13.81147540983607,6.79%,9.605477146333975
362,Mishra Dhatu Nigam,388.95,"₹7,361Cr",7.83%,62.07,52.85,6.33,5.20,0.38%,0.25,3.732040649456848,150.48923679060667,7.59%,14.171499352513935
363,Ajax Engineering,631.55,"₹7,339Cr",22.48%,29.84,38.56,21.50,6.34,0.00%,0.00,-0.5500550055005453,-21.062845200776227,11.33%,14.82092168976457
364,Sheela Foam,667.95,"₹7,312Cr",2.63%,127.15,69.18,5.29,2.41,0.00%,0.48,33.569064952254884,-24.8284466625078,3.46%,7.7706050567683125
365,GNFC,496.80,"₹7,291Cr",6.96%,12.97,43.93,38.25,0.85,3.63%,0.01,-17.40566037735849,-32.17391304347826,4.87%,6.110793832095945
366,Aditya Vision,562.15,"₹7,275Cr",18.07%,67.63,99.22,8.36,12.46,0.19%,0.82,5.782404599869731,3.918613413715144,5.87%,8.730824353734274
367,Tips Music,557.65,"₹7,264Cr",79.49%,43.02,20.96,13.21,34.67,1.23%,0.02,19.42427716214495,5.234159779614327,52.05%,65.68899317406144
368,Balu Forge Industries,637.30,"₹7,201Cr",19.36%,31.75,36.23,20.23,7.12,0.02%,0.04,22.45128039942019,41.47963424771405,22.69%,32.40825989740892
369,Arvind Fashions,526.95,"₹7,133Cr",-3.72%,-293.63,54.78,-1.82,7.45,0.30%,1.21,-13.294344197988742,431.554524361949,-19.38%,-17.109484247758495
370,JK Paper,414.00,"₹7,122Cr",7.58%,20.27,18.60,20.74,1.33,1.19%,0.35,-8.620689655172415,-33.46781588116633,5.33%,11.537010159651668
371,Just Dial,822.85,"₹7,056Cr",12.68%,11.71,113.83,70.86,1.53,0.00%,0.02,14.557113461262377,13.050559410848328,45.42%,42.198922260746066
372,Ganesh Housing,846.50,"₹7,051Cr",29.08%,12.21,40.56,69.23,3.84,0.59%,0.01,-96.98825204699182,-117.66401084929647,-255.39%,-312.2931442080378
373,Jayaswal Neco Industries,74.24,"₹7,045Cr",4.74%,29.73,23.36,2.44,2.97,0.00%,1.15,14.701803051317613,-393.6237373737373,5.64%,14.798669891172914
374,Mahindra Holi.&Resor,344.10,"₹7,019Cr",16.35%,54.20,57.58,6.41,0.00,0.00%,4.01,6.801570993835663,68.65044247787611,20.68%,28.228045394768884
375,Akums Drugs & Pharmaceuticals,439.95,"₹6,949Cr",11.10%,20.35,34.33,21.70,2.28,0.00%,0.03,5.106853782099814,7.139446036294162,13.50%,17.290858725761773
376,EPL,214.91,"₹6,875Cr",15.25%,17.41,21.60,12.34,2.92,2.32%,0.34,-2.2050400916380264,-18.134715025906736,9.46%,11.888726207906295
377,Tamilnad Mercantile Bank,434.65,"₹6,787Cr",12.87%,5.66,14.52,75.79,0.73,0.02%,NA,6.732673267326733,6.126213930175072,21.99%,24.979591836734695
378,Fischer Medical Ventures,101.23,"₹6,777Cr",0.44%,1045.00,54.78,0.10,21.81,0.00%,0.25,376.7857142857142,-172.61904761904762,-13.44%,20.411985018726593
379,CSB Bank,385.60,"₹6,728Cr",13.86%,11.23,14.52,34.53,1.56,0.00%,NA,28.087649402390436,4.659371690787153,11.39%,12.404354587869364
380,Ahluwalia Contracts (India),978.10,"₹6,675Cr",11.24%,30.01,40.56,33.20,3.71,0.06%,0.04,9.769602098631374,67.02614379084967,5.09%,7.972575905974535
381,Piccadily Agro Industries,664.45,"₹6,670Cr",15.05%,61.96,62.97,10.93,13.43,0.00%,0.45,9.894736842105265,32.23776223776223,8.30%,14.764019505398815
382,Equitas Small Finance Bank,57.68,"₹6,614Cr",-1.69%,-64.43,14.52,-0.90,1.09,1.72%,NA,13.508771929824562,-968.6335403726707,-13.57%,-15.32612055641422
383,Karnataka Bank,174.30,"₹6,601Cr",10.05%,5.67,13.70,30.81,0.57,2.86%,NA,2.4638247946812672,-26.96025778732546,12.93%,13.60648854961832
384,V-Mart Retail,820.00,"₹6,549Cr",2.67%,97.39,99.22,8.47,8.08,0.00%,0.97,12.321681505463369,176.77100494233937,3.80%,6.8884760457129985
385,Ujjivan Fin-Amalgama,589.50,"₹7,190Cr",22.92%,8.76,19.59,67.40,1.98,0.85%,9.56,91.28440366972475,190.32258064516128,0.00%,85.61151079136691
386,ISGEC Heavy Engineering,883.60,"₹6,486Cr",12.45%,24.81,24.73,35.55,2.37,0.57%,0.31,-15.929203539823009,-2.158192090395476,8.80%,11.427751196172249
387,Ellenbarrie Industrial Gases,435.90,"₹6,480Cr",16.88%,77.80,47.96,5.91,7.45,0.00%,0.50,213.98819854217285,1062.1118012422362,22.37%,35.861154101260226
388,Tata Coffee,344.80,"₹6,440Cr",9.68%,35.84,67.15,9.62,3.47,0.87%,0.57,-1.6565494039347521,-77.25531173807035,13.22%,16.632580969025394
389,Shree Renuka Sugars,30.74,"₹6,417Cr",17.89%,-16.12,20.63,-1.87,0.00,0.00%,-3.51,-34.30431802604524,59.097633136094686,-11.32%,-6.296296296296297
390,Hindustan Foods,535.10,"₹6,416Cr",12.31%,56.23,51.73,9.55,6.67,0.00%,1.01,14.684652520140935,51.4456630109671,4.14%,7.161516492738322
391,Sunteck Realty,442.15,"₹6,401Cr",4.61%,39.76,40.56,10.99,1.96,0.34%,0.12,-81.28929776954134,-110.95661846496105,-3.75%,15.72338167668907
392,Praj Industries,356.45,"₹6,379Cr",15.84%,45.54,36.11,7.62,4.62,1.73%,0.14,-14.746116014721682,-78.26655052264807,3.91%,5.365704571068366
393,Suprajit Engineering,449.70,"₹6,372Cr",7.75%,58.32,39.18,7.88,4.98,0.65%,0.64,5.529507695443887,-3.4104272834182705,12.64%,17.539962331578693
394,Symphony,901.25,"₹6,339Cr",32.52%,37.95,69.18,24.22,8.33,1.41%,0.19,-34.46475195822455,-46.3768115942029,14.51%,19.52191235059761
395,Puravankara,264.15,"₹6,328Cr",-11.14%,-25.13,67.36,-10.62,4.25,0.00%,1.38,-56.55668225912787,351.92307692307696,-54.02%,-15.934383581442408
396,Juniper Hotels,278.35,"₹6,328Cr",2.61%,92.34,57.58,3.08,2.32,0.00%,0.53,11.15473052548931,-27.10027100271003,10.49%,20.25227043390515
397,Bajaj Electricals,537.20,"₹6,270Cr",6.86%,59.01,69.18,9.21,3.63,0.55%,0.14,-6.089193825042882,-94.16577730345072,0.71%,1.810958904109589
398,Greenlam Industries,248.07,"₹6,268Cr",6.18%,184.70,58.70,1.33,5.56,0.16%,1.06,6.490389158744243,6.371071889797678,4.43%,7.819959888539837
399,Surya Roshni,290.60,"₹6,262Cr",14.06%,21.77,36.11,13.22,2.54,1.91%,0.01,-14.939505523408734,-63.64029866897521,2.09%,3.1385281385281383
400,Inox Leisure,508.85,"₹6,214Cr",-1.80%,0.00,18.53,-4.24,8.75,0.00%,4.29,72.99243429784975,2985.4961832061067,-11.77%,14.054437688220512
401,Pricol,526.65,"₹6,175Cr",16.44%,36.03,39.18,14.06,6.08,0.00%,0.18,11.71487333507443,7.609890109890119,5.89%,8.364869011265178
402,Ashapura Minechem,628.85,"₹6,165Cr",23.82%,17.81,10.60,36.23,4.96,0.15%,0.94,37.56899147014551,24.27022518765638,28.11%,38.93498677851737
403,RattanIndia Power,11.24,"₹6,117Cr",4.84%,51.77,23.28,0.22,1.33,0.00%,0.79,-9.353801169590646,-115.95454048737844,-1.78%,14.361902304226746
404,HG Infra Engineering (Part IX),919.70,"₹6,105Cr",17.14%,13.82,24.73,67.78,2.07,0.21%,1.41,13.452617627567925,-10.08313028522287,7.34%,11.976051401869158
405,CMS Info Systems,360.05,"₹6,090Cr",16.43%,16.23,43.22,22.82,2.69,2.56%,0.08,6.001920614596671,2.760473922071566,14.45%,19.623534148673812
406,Fedbank Financial Services Ltd,161.57,"₹6,076Cr",8.84%,26.44,25.96,6.15,2.38,0.00%,4.10,5.981791889855191,6.806208173145381,14.43%,61.17303405334768
407,Chemplast Sanmar,371.45,"₹6,033Cr",-5.34%,-30.41,43.93,-12.55,54.49,0.00%,0.89,-11.233644197014284,937.2262773722626,-5.74%,-2.3628809970838494
408,VIP Industries,429.80,"₹6,021Cr",-11.16%,-70.07,48.92,-6.05,9.77,0.00%,1.22,-11.419864030632187,-624.2696629213483,-3.25%,-2.7135749320724094
409,Rallis India,305.65,"₹6,000Cr",6.57%,34.90,37.81,8.84,3.15,0.81%,0.03,22.96954314720812,97.91666666666666,9.93%,13.725490196078432
410,Blue Pearl Agriventures,97.40,"₹5,986Cr",1.07%,9935.00,74.37,0.01,99.01,0.00%,0.00,91.39610389610388,8.000000000000007,2.29%,2.9686174724342664
411,Laxmi Organic Industries,208.71,"₹5,935Cr",5.95%,58.99,43.93,3.63,3.11,0.23%,0.14,-7.151864035087728,-50.399481753401,3.42%,3.3229015972365743
412,Ion Exchange (India),399.55,"₹5,921Cr",17.20%,28.00,24.73,14.42,4.90,0.37%,0.27,1.6322439098199415,2.2910757145974348,9.05%,12.040569461245
413,Man InfraConstruction,147.09,"₹5,900Cr",16.03%,22.62,31.18,6.46,2.83,0.57%,0.02,20.62993394554535,59.55497382198952,61.27%,50.35726210350584
414,GHCL,610.70,"₹5,882Cr",17.89%,9.52,43.93,64.29,1.68,1.95%,0.03,-3.0012018947517163,-3.832613749584862,18.19%,24.006608437906195
415,Sterlite Technologies,119.45,"₹5,880Cr",-3.62%,-86.69,45.52,-1.39,2.96,0.00%,0.97,4.693140794223827,-103.50877192982458,0.37%,6.379310344827586
416,Skipper,515.05,"₹5,874Cr",12.52%,36.21,58.39,14.37,4.92,0.02%,0.62,14.794520547945206,41.373852484963585,3.56%,8.968973747016706
417,Optiemus Infracom,647.80,"₹5,854Cr",9.52%,89.07,54.78,7.45,8.62,0.00%,0.30,5.909626719056982,-38.043478260869556,2.12%,2.8344587074274687
418,Supriya Lifescience,717.50,"₹5,851Cr",18.86%,32.85,39.58,22.13,5.87,0.14%,0.01,-9.278477126189737,-22.06541218637993,23.98%,32.43535941518885
419,Cupid,214.98,"₹5,841Cr",11.96%,122.91,54.34,1.77,23.75,0.00%,0.06,47.069513857337554,81.84019370460048,25.12%,31.170837194933583
420,Electrosteel Castings,93.71,"₹5,837Cr",12.27%,10.20,36.23,9.26,1.01,1.48%,0.37,-22.960561858454888,-59.480079118395025,6.14%,10.488779803646562
421,Paras Defence,710.80,"₹5,828Cr",9.92%,91.78,52.85,7.88,9.74,0.07%,0.04,13.97319170460293,-2.7725267800882136,17.65%,23.25529790302896
422,Gokul Agro Resources,390.50,"₹5,822Cr",23.71%,22.03,32.46,17.91,5.62,0.00%,0.53,16.086193936356803,51.952662721893496,1.39%,2.5570904381610187
423,Shoppers Stop,521.05,"₹5,781Cr",3.39%,324.07,96.82,1.62,18.00,0.00%,10.32,6.460945033751206,-20.524211461572637,-1.63%,4.348731884057971
424,India Tourism Development Corp,643.70,"₹5,776Cr",22.42%,72.56,57.58,9.28,15.88,0.43%,0.00,5.5352659210225905,-16.118421052631586,11.93%,14.361414512814966
425,Senco Gold,347.65,"₹5,768Cr",8.09%,27.12,62.01,12.99,2.93,0.28%,1.05,29.081990189208128,94.07574053243343,5.67%,9.903365906623234
426,Sterling,238.28,"₹5,651Cr",8.09%,51.71,24.73,4.68,5.61,0.00%,0.93,52.13587675500362,6.576980568011963,5.75%,9.314866760168304
427,India Glycols,901.25,"₹5,632Cr",10.24%,23.10,62.97,39.37,2.50,0.55%,0.84,9.584245076586432,13.07231493367565,2.11%,4.585063897763578
428,AGI Greenpac,864.35,"₹5,627Cr",15.37%,16.17,21.60,53.80,2.68,0.80%,0.26,25.084122524022618,40.51874110390637,12.92%,18.700427089688837
429,Infibeam Avenues,18.14,"₹5,604Cr",6.04%,22.24,24.66,0.78,1.28,0.00%,0.05,74.26733380986418,20.49089906232763,3.65%,5.082854799015587
430,Avantel,207.34,"₹5,600Cr",23.79%,107.28,52.85,1.97,17.60,0.09%,0.11,-0.11549566891242015,-42.82178217821782,8.91%,14.453651956060899
431,MAS Financial Services,309.25,"₹5,588Cr",11.90%,17.23,20.31,17.87,2.14,0.55%,3.51,27.950292650578096,19.125372710492684,18.92%,71.79620073461479
432,TVS Supply Chain Solutions,126.01,"₹5,588Cr",-0.75%,111.10,45.96,1.14,3.10,0.00%,1.16,0.6704632658831119,-62.0253164556962,0.71%,2.83049147442327
433,Texmaco Rail & Engineering,142.34,"₹5,577Cr",8.91%,25.43,36.11,5.49,2.05,0.54%,0.34,-10.381448239804817,-41.56521739130435,2.92%,7.863680007778602
434,eMudhra,660.00,"₹5,525Cr",11.36%,60.27,24.66,11.07,7.41,0.19%,0.00,37.09409812751838,176.30331753554503,10.50%,14.00414937759336
435,KNR Constructions,194.95,"₹5,521Cr",24.53%,5.79,24.73,33.88,1.22,0.13%,0.41,-43.868501189179575,-61.69243408768392,10.61%,14.328990614976439
436,Prime Focus,184.09,"₹5,481Cr",-5.39%,-27.99,18.53,-6.26,7.21,0.00%,6.43,-53.658536585365844,-102.42059542122885,-76.87%,-34.81781376518218
437,Bansal Wire Industries,339.50,"₹5,409Cr",11.40%,35.18,34.57,9.82,4.26,0.00%,0.48,34.70486700205066,16.640986132511557,3.33%,5.707119936039953
438,Rajesh Exports,181.57,"₹5,408Cr",0.61%,73.55,62.01,2.49,0.34,0.00%,0.06,93.61971793004882,28.738147337709684,1.24%,4.110027855153203
439,Electronics Mart India,140.71,"₹5,348Cr",10.48%,51.29,96.82,2.71,3.49,0.00%,1.29,-9.745982374287196,-71.8538741549662,1.54%,3.810453762205629
440,Indo Count Industries,263.85,"₹5,259Cr",10.80%,25.53,32.97,10.40,2.31,0.75%,0.64,-18.789669989312287,-49.05779688883267,5.49%,10.231652454173101
441,Gokaldas Exports,730.80,"₹5,252Cr",7.62%,30.39,35.80,23.60,2.52,0.14%,0.41,15.325954106488112,31.496710526315795,7.52%,10.42481416246231
442,Ashoka Buildcon,187.04,"₹5,209Cr",43.27%,2.96,24.73,62.74,1.33,0.00%,0.51,-29.56338769068911,-25.024485798237027,2.34%,9.513069454817028
443,Datamatics Global Services,870.35,"₹5,162Cr",13.13%,24.36,24.66,35.81,3.78,0.57%,0.14,-6.828528072837637,152.79383429672444,8.17%,10.996501387380867
444,KRN Heat Exch Refrig,844.35,"₹5,136Cr",10.60%,96.30,58.39,8.58,10.30,0.00%,0.07,18.65883306320908,34.90971625107479,13.72%,18.43093733993512
445,Jana Small Finance Bank,480.70,"₹5,098Cr",10.51%,11.78,14.52,41.12,1.24,0.00%,NA,11.799410029498524,-40.23803939962477,8.15%,6.7236147757255935
446,Moschip Technologies,280.82,"₹5,095Cr",10.20%,126.29,24.66,2.10,15.57,0.00%,0.06,88.70839305621914,186.20689655172416,8.46%,9.123132753818888
447,SeQuent Scientific,202.60,"₹5,086Cr",3.16%,171.27,34.33,1.18,7.22,0.00%,0.68,-23.295869216172832,-25.111111111111107,10.35%,11.15128449096099
448,Hindustan Construction Company,27.37,"₹5,045Cr",0.82%,30.47,24.73,0.91,5.57,0.00%,1.85,-15.241057542768274,69.58241758241758,3.61%,15.531192660550458
449,R Systems International,418.55,"₹5,013Cr",21.02%,25.94,24.66,16.32,8.03,2.95%,0.12,24.152422515860515,65.35087719298247,26.19%,29.09451894284598
